Title,Price,Timestamp,Product
M18 FUEL PACKOUT 18-Volt Lithium-Ion Cordless 2.5 ,$33900,2025-04-29T19:38:57.053Z,https://www.homedepot.com/p/Milwaukee-M18-FUEL-PAC
M18 FUEL PACKOUT 18-Volt Lithium-Ion Cordless 2.5 ,$33900,2025-04-29T19:44:58.636Z,https://www.homedepot.com/p/Milwaukee-M18-FUEL-PAC
M18 FUEL PACKOUT 18-Volt Lithium-Ion Cordless 2.5 ,$33900,2025-04-29T19:52:00.242Z,https://www.homedepot.com/p/Milwaukee-M18-FUEL-PAC
M18 FUEL PACKOUT 18-Volt Lithium-Ion Cordless 2.5 ,$33900,2025-04-29T19:57:01.741Z,https://www.homedepot.com/p/Milwaukee-M18-FUEL-PAC
M18 FUEL PACKOUT 18-Volt Lithium-Ion Cordless 2.5 ,$33900,2025-04-29T20:05:02.975Z,https://www.homedepot.com/p/Milwaukee-M18-FUEL-PAC
M18 FUEL PACKOUT 18-Volt Lithium-Ion Cordless 2.5 ,$33900,2025-04-30T15:31:02.925Z,https://www.homedepot.com/p/Milwaukee-M18-FUEL-PAC
M18 FUEL PACKOUT 18-Volt Lithium-Ion Cordless 2.5 ,$33900,2025-04-30T15:32:03.740Z,https://www.homedepot.com/p/Milwaukee-M18-FUEL-PAC
M18 FUEL PACKOUT 18-Volt Lithium-Ion Cordless 2.5 ,$33900,2025-04-30T15:36:05.207Z,https://www.homedepot.com/p/Milwaukee-M18-FUEL-PAC
M18 FUEL PACKOUT 18-Volt Lithium-Ion Cordless 2.5 ,$33900,2025-04-30T15:39:06.662Z,https://www.homedepot.com/p/Milwaukee-M18-FUEL-PAC
M18 FUEL PACKOUT 18-Volt Lithium-Ion Cordless 2.5 ,$33900,2025-04-30T15:40:07.736Z,https://www.homedepot.com/p/Milwaukee-M18-FUEL-PAC
M18 FUEL PACKOUT 18-Volt Lithium-Ion Cordless 2.5 ,$33900,2025-04-30T15:48:09.581Z,https://www.homedepot.com/p/Milwaukee-M18-FUEL-PAC
M18 FUEL PACKOUT 18-Volt Lithium-Ion Cordless 2.5 ,$33900,2025-04-30T15:50:10.500Z,https://www.homedepot.com/p/Milwaukee-M18-FUEL-PAC
M18 FUEL PACKOUT 18-Volt Lithium-Ion Cordless 2.5 ,$33900,2025-04-30T15:58:11.948Z,https://www.homedepot.com/p/Milwaukee-M18-FUEL-PAC
M18 FUEL PACKOUT 18-Volt Lithium-Ion Cordless 2.5 ,$33900,2025-04-30T16:06:13.531Z,https://www.homedepot.com/p/Milwaukee-M18-FUEL-PAC
M18 FUEL PACKOUT 18-Volt Lithium-Ion Cordless 2.5 ,$33900,2025-04-30T16:15:14.682Z,https://www.homedepot.com/p/Milwaukee-M18-FUEL-PAC
M18 FUEL PACKOUT 18-Volt Lithium-Ion Cordless 2.5 ,$33900,2025-04-30T16:19:16.301Z,https://www.homedepot.com/p/Milwaukee-M18-FUEL-PAC
M18 FUEL PACKOUT 18-Volt Lithium-Ion Cordless 2.5 ,$33900,2025-04-30T16:59:58.749Z,https://www.homedepot.com/p/Milwaukee-M18-FUEL-PAC
M18 FUEL PACKOUT 18-Volt Lithium-Ion Cordless 2.5 ,$33900,2025-04-30T17:15:55.467Z,https://www.homedepot.com/p/Milwaukee-M18-FUEL-PAC
M18 FUEL PACKOUT 18-Volt Lithium-Ion Cordless 2.5 ,$33900,2025-04-30T17:17:00.781Z,https://www.homedepot.com/p/Milwaukee-M18-FUEL-PAC
M18 FUEL PACKOUT 18-Volt Lithium-Ion Cordless 2.5 ,$33900,2025-04-30T17:44:17.366Z,https://www.homedepot.com/p/Milwaukee-M18-FUEL-PAC
M18 FUEL PACKOUT 18-Volt Lithium-Ion Cordless 2.5 ,$33900,2025-04-30T18:20:15.287Z,https://www.homedepot.com/p/Milwaukee-M18-FUEL-PAC
M18 FUEL PACKOUT 18-Volt Lithium-Ion Cordless 2.5 ,$33900,2025-04-30T18:42:13.049Z,https://www.homedepot.com/p/Milwaukee-M18-FUEL-PAC
M18 FUEL PACKOUT 18-Volt Lithium-Ion Cordless 2.5 ,$33900,2025-04-30T18:43:14.420Z,https://www.homedepot.com/p/Milwaukee-M18-FUEL-PAC
M18 FUEL PACKOUT 18-Volt Lithium-Ion Cordless 2.5 ,$33900,2025-04-30T18:44:15.664Z,https://www.homedepot.com/p/Milwaukee-M18-FUEL-PAC
M18 FUEL PACKOUT 18-Volt Lithium-Ion Cordless 2.5 ,$33900,2025-04-30T18:47:17.546Z,https://www.homedepot.com/p/Milwaukee-M18-FUEL-PAC
M18 FUEL PACKOUT 18-Volt Lithium-Ion Cordless 2.5 ,$33900,2025-04-30T18:48:18.543Z,https://www.homedepot.com/p/Milwaukee-M18-FUEL-PAC
M18 FUEL PACKOUT 18-Volt Lithium-Ion Cordless 2.5 ,$33900,2025-04-30T18:50:20.490Z,https://www.homedepot.com/p/Milwaukee-M18-FUEL-PAC
M18 FUEL PACKOUT 18-Volt Lithium-Ion Cordless 2.5 ,$33900,2025-04-30T18:55:21.433Z,https://www.homedepot.com/p/Milwaukee-M18-FUEL-PAC
M18 FUEL PACKOUT 18-Volt Lithium-Ion Cordless 2.5 ,$33900,2025-04-30T18:57:22.345Z,https://www.homedepot.com/p/Milwaukee-M18-FUEL-PAC
M18 FUEL PACKOUT 18-Volt Lithium-Ion Cordless 2.5 ,$33900,2025-04-30T18:58:23.237Z,https://www.homedepot.com/p/Milwaukee-M18-FUEL-PAC
